Workbook

Sheet merchants
A1: merchant_id | B1: merchant_name | C1: category | D1: region
A2: 1 | B2: Merchant_001 | C2: ecommerce | D2: South
A3: 2 | B3: Merchant_002 | C3: grocery | D3: West
A4: 3 | B4: Merchant_003 | C4: grocery | D4: East
A5: 4 | B5: Merchant_004 | C5: ecommerce | D5: East
A6: 5 | B6: Merchant_005 | C6: recharge | D6: South
A7: 6 | B7: Merchant_006 | C7: food_delivery | D7: South
A8: 7 | B8: Merchant_007 | C8: food_delivery | D8: East
A9: 8 | B9: Merchant_008 | C9: food_delivery | D9: North
A10: 9 | B10: Merchant_009 | C10: ecommerce | D10: North
A11: 10 | B11: Merchant_010 | C11: grocery | D11: West
A12: 11 | B12: Merchant_011 | C12: ecommerce | D12: North
A13: 12 | B13: Merchant_012 | C13: ecommerce | D13: East
... A41: 40 | B41: Merchant_040 | C41: entertainment | D41: South

Sheet ledger
A1: transaction_id | B1: user_id | C1: merchant_id | D1: transaction_time | E1: amount_inr | F1: payment_method | G1: status | H1: risk_score | I1: txn_date | J1: Is_First_Merchant_Day
A2: TXN100000 | B2: 350 | C2: 16 | D2: 46051.467 | E2: 2999 | F2: Wallet | G2: captured | H2: 85 | I2: =INT(D2) -> 46051 | J2: =IF(COUNTIFS($C$2:C2,C2,$I$2:I2,I2)=1,1,0) -> 1
A3: TXN100001 | B3: 287 | C3: 27 | D3: 46026.492 | E3: 49 | F3: UPI | G3: captured | H3: 79 | I3: =INT(D3) -> 46026 | J3: =IF(COUNTIFS($C$2:C3,C3,$I$2:I3,I3)=1,1,0) -> 1
A4: TXN100002 | B4: 122 | C4: 11 | D4: 46046.208 | E4: 1499 | F4: Wallet | G4: captured | H4: 22 | I4: =INT(D4) -> 46046 | J4: =IF(COUNTIFS($C$2:C4,C4,$I$2:I4,I4)=1,1,0) -> 1
A5: TXN100003 | B5: 92 | C5: 22 | D5: 46051.542 | E5: 49 | F5: Netbanking | G5: captured | H5: 100 | I5: =INT(D5) -> 46051 | J5: =IF(COUNTIFS($C$2:C5,C5,$I$2:I5,I5)=1,1,0) -> 1
A6: TXN100004 | B6: 343 | C6: 16 | D6: 46052.577 | E6: 99 | F6: UPI | G6: captured | H6: 34 | I6: =INT(D6) -> 46052 | J6: =IF(COUNTIFS($C$2:C6,C6,$I$2:I6,I6)=1,1,0) -> 1
A7: TXN100005 | B7: 196 | C7: 3 | D7: 46028.921 | E7: 99 | F7: UPI | G7: captured | H7: 60 | I7: =INT(D7) -> 46028 | J7: =IF(COUNTIFS($C$2:C7,C7,$I$2:I7,I7)=1,1,0) -> 1
A8: TXN100006 | B8: 236 | C8: 23 | D8: 46030.286 | E8: 99 | F8: Wallet | G8: captured | H8: 39 | I8: =INT(D8) -> 46030 | J8: =IF(COUNTIFS($C$2:C8,C8,$I$2:I8,I8)=1,1,0) -> 1
A9: TXN100007 | B9: 13 | C9: 13 | D9: 46049.301 | E9: 99 | F9: UPI | G9: captured | H9: 51 | I9: =INT(D9) -> 46049 | J9: =IF(COUNTIFS($C$2:C9,C9,$I$2:I9,I9)=1,1,0) -> 1
A10: TXN100008 | B10: 36 | C10: 18 | D10: 46033.372 | E10: 799 | F10: UPI | G10: captured | H10: 44 | I10: =INT(D10) -> 46033 | J10: =IF(COUNTIFS($C$2:C10,C10,$I$2:I10,I10)=1,1,0) -> 1
A11: TXN100009 | B11: 348 | C11: 35 | D11: 46043.684 | E11: 299 | F11: UPI | G11: captured | H11: 42 | I11: =INT(D11) -> 46043 | J11: =IF(COUNTIFS($C$2:C11,C11,$I$2:I11,I11)=1,1,0) -> 1
A12: TXN100010 | B12: 134 | C12: 12 | D12: 46023.164 | E12: 49 | F12: UPI | G12: captured | H12: 74 | I12: =INT(D12) -> 46023 | J12: =IF(COUNTIFS($C$2:C12,C12,$I$2:I12,I12)=1,1,0) -> 1
A13: TXN100011 | B13: 306 | C13: 28 | D13: 46031.046 | E13: 2999 | F13: Card | G13: failed | H13: 44 | I13: =INT(D13) -> 46031 | J13: =IF(COUNTIFS($C$2:C13,C13,$I$2:I13,I13)=1,1,0) -> 1
... A548: TXN300031 | B548: 345 | C548: 12 | D548: 46045.377 | E548: 399 | F548: Card | G548: captured | H548: 69 | I548: =INT(D548) -> 46045 | J548: =IF(COUNTIFS($C$2:C548,C548,$I$2:I548,I548)=1,1,0) -> 0

Sheet Transaction_view
A1: transaction_id | B1: merchant_id | C1: merchant_name | D1: category | E1: region | F1: tranaction_date | G1: txn_date | H1: amount_inr | I1: payment_method | J1: status | K1: MDR_Fee | L1: Fee_amount | M1: Merchant_Total_Day | N1: Classification
A2: =ledger!A2 -> TXN100000 | B2: =ledger!C2 -> 16 | C2: =IFERROR(VLOOKUP(B2, merchants!$A$2:$D$41, 2, FALSE), "Merchant not found") -> Merchant_016 | D2: =IFERROR(VLOOKUP(B2, merchants!$A$2:$D$41, 3, FALSE), "Merchant not found") -> bill_payment | E2: =IFERROR(VLOOKUP(B2, merchants!$A$2:$D$41, 4, FALSE), "Merchant not found") -> West | F2: =ledger!D2 -> 46051.467 | G2: =ledger!I2 -> 46051 | H2: =ledger!E2 -> 2999 | I2: =ledger!F2 -> Wallet | J2: =ledger!G2 -> captured | K2: =HLOOKUP(I2,Fee!$B$1:$E$2,2,FALSE()) -> 0.015 | L2: =H2*K2 -> 44.985 | M2: =SUMIFS(ledger!$E$2:$E$548, ledger!$C$2:$C$548, B2, ledger!$I$2:$I$548, G2) -> 2999 | N2: =IF(AND(M2>5000,E2<>"East"),"High Value","Standard") -> Standard
A3: =ledger!A3 -> TXN100001 | B3: =ledger!C3 -> 27 | C3: =IFERROR(VLOOKUP(B3, merchants!$A$2:$D$41, 2, FALSE), "Merchant not found") -> Merchant_027 | D3: =IFERROR(VLOOKUP(B3, merchants!$A$2:$D$41, 3, FALSE), "Merchant not found") -> ecommerce | E3: =IFERROR(VLOOKUP(B3, merchants!$A$2:$D$41, 4, FALSE), "Merchant not found") -> North | F3: =ledger!D3 -> 46026.492 | G3: =ledger!I3 -> 46026 | H3: =ledger!E3 -> 49 | I3: =ledger!F3 -> UPI | J3: =ledger!G3 -> captured | K3: =HLOOKUP(I3,Fee!$B$1:$E$2,2,FALSE()) -> 0.005 | L3: =H3*K3 -> 0.245 | M3: =SUMIFS(ledger!$E$2:$E$548, ledger!$C$2:$C$548, B3, ledger!$I$2:$I$548, G3) -> 49 | N3: =IF(AND(M3>5000,E3<>"East"),"High Value","Standard") -> Standard
A4: =ledger!A4 -> TXN100002 | B4: =ledger!C4 -> 11 | C4: =IFERROR(VLOOKUP(B4, merchants!$A$2:$D$41, 2, FALSE), "Merchant not found") -> Merchant_011 | D4: =IFERROR(VLOOKUP(B4, merchants!$A$2:$D$41, 3, FALSE), "Merchant not found") -> ecommerce | E4: =IFERROR(VLOOKUP(B4, merchants!$A$2:$D$41, 4, FALSE), "Merchant not found") -> North | F4: =ledger!D4 -> 46046.208 | G4: =ledger!I4 -> 46046 | H4: =ledger!E4 -> 1499 | I4: =ledger!F4 -> Wallet | J4: =ledger!G4 -> captured | K4: =HLOOKUP(I4,Fee!$B$1:$E$2,2,FALSE()) -> 0.015 | L4: =H4*K4 -> 22.485 | M4: =SUMIFS(ledger!$E$2:$E$548, ledger!$C$2:$C$548, B4, ledger!$I$2:$I$548, G4) -> 1798 | N4: =IF(AND(M4>5000,E4<>"East"),"High Value","Standard") -> Standard
A5: =ledger!A5 -> TXN100003 | B5: =ledger!C5 -> 22 | C5: =IFERROR(VLOOKUP(B5, merchants!$A$2:$D$41, 2, FALSE), "Merchant not found") -> Merchant_022 | D5: =IFERROR(VLOOKUP(B5, merchants!$A$2:$D$41, 3, FALSE), "Merchant not found") -> travel | E5: =IFERROR(VLOOKUP(B5, merchants!$A$2:$D$41, 4, FALSE), "Merchant not found") -> South | F5: =ledger!D5 -> 46051.542 | G5: =ledger!I5 -> 46051 | H5: =ledger!E5 -> 49 | I5: =ledger!F5 -> Netbanking | J5: =ledger!G5 -> captured | K5: =HLOOKUP(I5,Fee!$B$1:$E$2,2,FALSE()) -> 0.018 | L5: =H5*K5 -> 0.882 | M5: =SUMIFS(ledger!$E$2:$E$548, ledger!$C$2:$C$548, B5, ledger!$I$2:$I$548, G5) -> 49 | N5: =IF(AND(M5>5000,E5<>"East"),"High Value","Standard") -> Standard
A6: =ledger!A6 -> TXN100004 | B6: =ledger!C6 -> 16 | C6: =IFERROR(VLOOKUP(B6, merchants!$A$2:$D$41, 2, FALSE), "Merchant not found") -> Merchant_016 | D6: =IFERROR(VLOOKUP(B6, merchants!$A$2:$D$41, 3, FALSE), "Merchant not found") -> bill_payment | E6: =IFERROR(VLOOKUP(B6, merchants!$A$2:$D$41, 4, FALSE), "Merchant not found") -> West | F6: =ledger!D6 -> 46052.577 | G6: =ledger!I6 -> 46052 | H6: =ledger!E6 -> 99 | I6: =ledger!F6 -> UPI | J6: =ledger!G6 -> captured | K6: =HLOOKUP(I6,Fee!$B$1:$E$2,2,FALSE()) -> 0.005 | L6: =H6*K6 -> 0.495 | M6: =SUMIFS(ledger!$E$2:$E$548, ledger!$C$2:$C$548, B6, ledger!$I$2:$I$548, G6) -> 898 | N6: =IF(AND(M6>5000,E6<>"East"),"High Value","Standard") -> Standard
A7: =ledger!A7 -> TXN100005 | B7: =ledger!C7 -> 3 | C7: =IFERROR(VLOOKUP(B7, merchants!$A$2:$D$41, 2, FALSE), "Merchant not found") -> Merchant_003 | D7: =IFERROR(VLOOKUP(B7, merchants!$A$2:$D$41, 3, FALSE), "Merchant not found") -> grocery | E7: =IFERROR(VLOOKUP(B7, merchants!$A$2:$D$41, 4, FALSE), "Merchant not found") -> East | F7: =ledger!D7 -> 46028.921 | G7: =ledger!I7 -> 46028 | H7: =ledger!E7 -> 99 | I7: =ledger!F7 -> UPI | J7: =ledger!G7 -> captured | K7: =HLOOKUP(I7,Fee!$B$1:$E$2,2,FALSE()) -> 0.005 | L7: =H7*K7 -> 0.495 | M7: =SUMIFS(ledger!$E$2:$E$548, ledger!$C$2:$C$548, B7, ledger!$I$2:$I$548, G7) -> 898 | N7: =IF(AND(M7>5000,E7<>"East"),"High Value","Standard") -> Standard
A8: =ledger!A8 -> TXN100006 | B8: =ledger!C8 -> 23 | C8: =IFERROR(VLOOKUP(B8, merchants!$A$2:$D$41, 2, FALSE), "Merchant not found") -> Merchant_023 | D8: =IFERROR(VLOOKUP(B8, merchants!$A$2:$D$41, 3, FALSE), "Merchant not found") -> travel | E8: =IFERROR(VLOOKUP(B8, merchants!$A$2:$D$41, 4, FALSE), "Merchant not found") -> North | F8: =ledger!D8 -> 46030.286 | G8: =ledger!I8 -> 46030 | H8: =ledger!E8 -> 99 | I8: =ledger!F8 -> Wallet | J8: =ledger!G8 -> captured | K8: =HLOOKUP(I8,Fee!$B$1:$E$2,2,FALSE()) -> 0.015 | L8: =H8*K8 -> 1.485 | M8: =SUMIFS(ledger!$E$2:$E$548, ledger!$C$2:$C$548, B8, ledger!$I$2:$I$548, G8) -> 99 | N8: =IF(AND(M8>5000,E8<>"East"),"High Value","Standard") -> Standard
A9: =ledger!A9 -> TXN100007 | B9: =ledger!C9 -> 13 | C9: =IFERROR(VLOOKUP(B9, merchants!$A$2:$D$41, 2, FALSE), "Merchant not found") -> Merchant_013 | D9: =IFERROR(VLOOKUP(B9, merchants!$A$2:$D$41, 3, FALSE), "Merchant not found") -> travel | E9: =IFERROR(VLOOKUP(B9, merchants!$A$2:$D$41, 4, FALSE), "Merchant not found") -> East | F9: =ledger!D9 -> 46049.301 | G9: =ledger!I9 -> 46049 | H9: =ledger!E9 -> 99 | I9: =ledger!F9 -> UPI | J9: =ledger!G9 -> captured | K9: =HLOOKUP(I9,Fee!$B$1:$E$2,2,FALSE()) -> 0.005 | L9: =H9*K9 -> 0.495 | M9: =SUMIFS(ledger!$E$2:$E$548, ledger!$C$2:$C$548, B9, ledger!$I$2:$I$548, G9) -> 99 | N9: =IF(AND(M9>5000,E9<>"East"),"High Value","Standard") -> Standard
A10: =ledger!A10 -> TXN100008 | B10: =ledger!C10 -> 18 | C10: =IFERROR(VLOOKUP(B10, merchants!$A$2:$D$41, 2, FALSE), "Merchant not found") -> Merchant_018 | D10: =IFERROR(VLOOKUP(B10, merchants!$A$2:$D$41, 3, FALSE), "Merchant not found") -> grocery | E10: =IFERROR(VLOOKUP(B10, merchants!$A$2:$D$41, 4, FALSE), "Merchant not found") -> West | F10: =ledger!D10 -> 46033.372 | G10: =ledger!I10 -> 46033 | H10: =ledger!E10 -> 799 | I10: =ledger!F10 -> UPI | J10: =ledger!G10 -> captured | K10: =HLOOKUP(I10,Fee!$B$1:$E$2,2,FALSE()) -> 0.005 | L10: =H10*K10 -> 3.995 | M10: =SUMIFS(ledger!$E$2:$E$548, ledger!$C$2:$C$548, B10, ledger!$I$2:$I$548, G10) -> 799 | N10: =IF(AND(M10>5000,E10<>"East"),"High Value","Standard") -> Standard
A11: =ledger!A11 -> TXN100009 | B11: =ledger!C11 -> 35 | C11: =IFERROR(VLOOKUP(B11, merchants!$A$2:$D$41, 2, FALSE), "Merchant not found") -> Merchant_035 | D11: =IFERROR(VLOOKUP(B11, merchants!$A$2:$D$41, 3, FALSE), "Merchant not found") -> recharge | E11: =IFERROR(VLOOKUP(B11, merchants!$A$2:$D$41, 4, FALSE), "Merchant not found") -> East | F11: =ledger!D11 -> 46043.684 | G11: =ledger!I11 -> 46043 | H11: =ledger!E11 -> 299 | I11: =ledger!F11 -> UPI | J11: =ledger!G11 -> captured | K11: =HLOOKUP(I11,Fee!$B$1:$E$2,2,FALSE()) -> 0.005 | L11: =H11*K11 -> 1.495 | M11: =SUMIFS(ledger!$E$2:$E$548, ledger!$C$2:$C$548, B11, ledger!$I$2:$I$548, G11) -> 299 | N11: =IF(AND(M11>5000,E11<>"East"),"High Value","Standard") -> Standard
A12: =ledger!A12 -> TXN100010 | B12: =ledger!C12 -> 12 | C12: =IFERROR(VLOOKUP(B12, merchants!$A$2:$D$41, 2, FALSE), "Merchant not found") -> Merchant_012 | D12: =IFERROR(VLOOKUP(B12, merchants!$A$2:$D$41, 3, FALSE), "Merchant not found") -> ecommerce | E12: =IFERROR(VLOOKUP(B12, merchants!$A$2:$D$41, 4, FALSE), "Merchant not found") -> East | F12: =ledger!D12 -> 46023.164 | G12: =ledger!I12 -> 46023 | H12: =ledger!E12 -> 49 | I12: =ledger!F12 -> UPI | J12: =ledger!G12 -> captured | K12: =HLOOKUP(I12,Fee!$B$1:$E$2,2,FALSE()) -> 0.005 | L12: =H12*K12 -> 0.245 | M12: =SUMIFS(ledger!$E$2:$E$548, ledger!$C$2:$C$548, B12, ledger!$I$2:$I$548, G12) -> 548 | N12: =IF(AND(M12>5000,E12<>"East"),"High Value","Standard") -> Standard
A13: =ledger!A13 -> TXN100011 | B13: =ledger!C13 -> 28 | C13: =IFERROR(VLOOKUP(B13, merchants!$A$2:$D$41, 2, FALSE), "Merchant not found") -> Merchant_028 | D13: =IFERROR(VLOOKUP(B13, merchants!$A$2:$D$41, 3, FALSE), "Merchant not found") -> ecommerce | E13: =IFERROR(VLOOKUP(B13, merchants!$A$2:$D$41, 4, FALSE), "Merchant not found") -> South | F13: =ledger!D13 -> 46031.046 | G13: =ledger!I13 -> 46031 | H13: =ledger!E13 -> 2999 | I13: =ledger!F13 -> Card | J13: =ledger!G13 -> failed | K13: =HLOOKUP(I13,Fee!$B$1:$E$2,2,FALSE()) -> 0.02 | L13: =H13*K13 -> 59.98 | M13: =SUMIFS(ledger!$E$2:$E$548, ledger!$C$2:$C$548, B13, ledger!$I$2:$I$548, G13) -> 2999 | N13: =IF(AND(M13>5000,E13<>"East"),"High Value","Standard") -> Standard
... A548: =ledger!A548 -> TXN300031 | B548: =ledger!C548 -> 12 | C548: =IFERROR(VLOOKUP(B548, merchants!$A$2:$D$41, 2, FALSE), "Merchant not found") -> Merchant_012 | D548: =IFERROR(VLOOKUP(B548, merchants!$A$2:$D$41, 3, FALSE), "Merchant not found") -> ecommerce | E548: =IFERROR(VLOOKUP(B548, merchants!$A$2:$D$41, 4, FALSE), "Merchant not found") -> East | F548: =ledger!D548 -> 46045.377 | G548: =ledger!I548 -> 46045 | H548: =ledger!E548 -> 399 | I548: =ledger!F548 -> Card | J548: =ledger!G548 -> captured | K548: =HLOOKUP(I548,Fee!$B$1:$E$2,2,FALSE()) -> 0.02 | L548: =H548*K548 -> 7.98 | M548: =SUMIFS(ledger!$E$2:$E$548, ledger!$C$2:$C$548, B548, ledger!$I$2:$I$548, G548) -> 448 | N548: =IF(AND(M548>5000,E548<>"East"),"High Value","Standard") -> Standard

Sheet Merchant_Day_Table
A3: merchant_id | B3: txn_date | C3: Total Amount | D3: Transaction_Count
A4: 1 | B4: 46027 | C4: 1499 | D4: 1
A5: 1 | B5: 46028 | C5: 149 | D5: 1
A6: 1 | B6: 46031 | C6: 5048 | D6: 2
A7: 1 | B7: 46033 | C7: 299 | D7: 1
A8: 1 | B8: 46034 | C8: 149 | D8: 1
A9: 1 | B9: 46039 | C9: 149 | D9: 1
A10: 1 | B10: 46045 | C10: 3148 | D10: 2
A11: 2 | B11: 46029 | C11: 499 | D11: 1
A12: 2 | B12: 46030 | C12: 299 | D12: 1
A13: 2 | B13: 46034 | C13: 348 | D13: 2
A14: 2 | B14: 46035 | C14: 49 | D14: 1
A15: 2 | B15: 46037 | C15: 1499 | D15: 1
... A446: 40 | B446: 46052 | C446: 499 | D446: 1
A447: Grand Total | C447: 382603 | D447: 547

Sheet Fee
A1: payment_method | B1: UPI | C1: Wallet | D1: Card | E1: Netbanking
A2: MDR Fee | B2: 0.005 | C2: 0.015 | D2: 0.02 | E2: 0.018

Sheet Merchant_Status
A1: merchant_id | B1: merchant_name | C1: Total_Captured | D1: Count_captured | E1: Total_failed | F1: Count_failed | G1: Total_chargebck | H1: Count_chargeback | I1: Total_all_Status | J1: Count_all_status | K1: Total_Transaction_Count | L1: Unique_Days_Transacted | M1: Repeat_Day_Ratio
A2: =merchants!A2 -> 1 | B2: =VLOOKUP(A2,merchants!$A$2:$D$41,2,FALSE()) -> Merchant_001 | C2: =SUMIFS(ledger!$E$2:$E$548,ledger!$C$2:$C$548,A2,ledger!$G$2:$G$548,"captured") -> 10142 | D2: =COUNTIFS(ledger!$C$2:$C$548,A2,ledger!$G$2:$G$548,"captured") -> 8 | E2: =SUMIFS(ledger!$E$2:$E$548,ledger!$C$2:$C$548,A2,ledger!$G$2:$G$548,"failed") -> 299 | F2: =COUNTIFS(ledger!$C$2:$C$548,A2,ledger!$G$2:$G$548,"failed") -> 1 | G2: =SUMIFS(ledger!$E$2:$E$548,ledger!$C$2:$C$548,A2,ledger!$G$2:$G$548,"chargeback") -> 0 | H2: =COUNTIFS(ledger!$C$2:$C$548,A2,ledger!$G$2:$G$548,"chargeback") -> 0 | I2: =C2+G2+E2 -> 10441 | J2: =D2+F2+H2 -> 9 | K2: =COUNTIF(ledger!$C$2:$C$548,A2) -> 9 | L2: =SUMIFS(ledger!$J$2:$J$548,ledger!$C$2:$C$548,A2) -> 7 | M2: =IF(L2=0,0,K2/L2) -> 1.2857143
A3: =merchants!A3 -> 2 | B3: =VLOOKUP(A3,merchants!$A$2:$D$41,2,FALSE()) -> Merchant_002 | C3: =SUMIFS(ledger!$E$2:$E$548,ledger!$C$2:$C$548,A3,ledger!$G$2:$G$548,"captured") -> 3640 | D3: =COUNTIFS(ledger!$C$2:$C$548,A3,ledger!$G$2:$G$548,"captured") -> 10 | E3: =SUMIFS(ledger!$E$2:$E$548,ledger!$C$2:$C$548,A3,ledger!$G$2:$G$548,"failed") -> 0 | F3: =COUNTIFS(ledger!$C$2:$C$548,A3,ledger!$G$2:$G$548,"failed") -> 0 | G3: =SUMIFS(ledger!$E$2:$E$548,ledger!$C$2:$C$548,A3,ledger!$G$2:$G$548,"chargeback") -> 0 | H3: =COUNTIFS(ledger!$C$2:$C$548,A3,ledger!$G$2:$G$548,"chargeback") -> 0 | I3: =C3+G3+E3 -> 3640 | J3: =D3+F3+H3 -> 10 | K3: =COUNTIF(ledger!$C$2:$C$548,A3) -> 10 | L3: =SUMIFS(ledger!$J$2:$J$548,ledger!$C$2:$C$548,A3) -> 9 | M3: =IF(L3=0,0,K3/L3) -> 1.1111111
A4: =merchants!A4 -> 3 | B4: =VLOOKUP(A4,merchants!$A$2:$D$41,2,FALSE()) -> Merchant_003 | C4: =SUMIFS(ledger!$E$2:$E$548,ledger!$C$2:$C$548,A4,ledger!$G$2:$G$548,"captured") -> 8084 | D4: =COUNTIFS(ledger!$C$2:$C$548,A4,ledger!$G$2:$G$548,"captured") -> 16 | E4: =SUMIFS(ledger!$E$2:$E$548,ledger!$C$2:$C$548,A4,ledger!$G$2:$G$548,"failed") -> 0 | F4: =COUNTIFS(ledger!$C$2:$C$548,A4,ledger!$G$2:$G$548,"failed") -> 0 | G4: =SUMIFS(ledger!$E$2:$E$548,ledger!$C$2:$C$548,A4,ledger!$G$2:$G$548,"chargeback") -> 149 | H4: =COUNTIFS(ledger!$C$2:$C$548,A4,ledger!$G$2:$G$548,"chargeback") -> 1 | I4: =C4+G4+E4 -> 8233 | J4: =D4+F4+H4 -> 17 | K4: =COUNTIF(ledger!$C$2:$C$548,A4) -> 17 | L4: =SUMIFS(ledger!$J$2:$J$548,ledger!$C$2:$C$548,A4) -> 13 | M4: =IF(L4=0,0,K4/L4) -> 1.3076923
A5: =merchants!A5 -> 4 | B5: =VLOOKUP(A5,merchants!$A$2:$D$41,2,FALSE()) -> Merchant_004 | C5: =SUMIFS(ledger!$E$2:$E$548,ledger!$C$2:$C$548,A5,ledger!$G$2:$G$548,"captured") -> 6941 | D5: =COUNTIFS(ledger!$C$2:$C$548,A5,ledger!$G$2:$G$548,"captured") -> 9 | E5: =SUMIFS(ledger!$E$2:$E$548,ledger!$C$2:$C$548,A5,ledger!$G$2:$G$548,"failed") -> 0 | F5: =COUNTIFS(ledger!$C$2:$C$548,A5,ledger!$G$2:$G$548,"failed") -> 0 | G5: =SUMIFS(ledger!$E$2:$E$548,ledger!$C$2:$C$548,A5,ledger!$G$2:$G$548,"chargeback") -> 0 | H5: =COUNTIFS(ledger!$C$2:$C$548,A5,ledger!$G$2:$G$548,"chargeback") -> 0 | I5: =C5+G5+E5 -> 6941 | J5: =D5+F5+H5 -> 9 | K5: =COUNTIF(ledger!$C$2:$C$548,A5) -> 9 | L5: =SUMIFS(ledger!$J$2:$J$548,ledger!$C$2:$C$548,A5) -> 7 | M5: =IF(L5=0,0,K5/L5) -> 1.2857143
A6: =merchants!A6 -> 5 | B6: =VLOOKUP(A6,merchants!$A$2:$D$41,2,FALSE()) -> Merchant_005 | C6: =SUMIFS(ledger!$E$2:$E$548,ledger!$C$2:$C$548,A6,ledger!$G$2:$G$548,"captured") -> 5340 | D6: =COUNTIFS(ledger!$C$2:$C$548,A6,ledger!$G$2:$G$548,"captured") -> 10 | E6: =SUMIFS(ledger!$E$2:$E$548,ledger!$C$2:$C$548,A6,ledger!$G$2:$G$548,"failed") -> 499 | F6: =COUNTIFS(ledger!$C$2:$C$548,A6,ledger!$G$2:$G$548,"failed") -> 1 | G6: =SUMIFS(ledger!$E$2:$E$548,ledger!$C$2:$C$548,A6,ledger!$G$2:$G$548,"chargeback") -> 0 | H6: =COUNTIFS(ledger!$C$2:$C$548,A6,ledger!$G$2:$G$548,"chargeback") -> 0 | I6: =C6+G6+E6 -> 5839 | J6: =D6+F6+H6 -> 11 | K6: =COUNTIF(ledger!$C$2:$C$548,A6) -> 11 | L6: =SUMIFS(ledger!$J$2:$J$548,ledger!$C$2:$C$548,A6) -> 9 | M6: =IF(L6=0,0,K6/L6) -> 1.2222222
A7: =merchants!A7 -> 6 | B7: =VLOOKUP(A7,merchants!$A$2:$D$41,2,FALSE()) -> Merchant_006 | C7: =SUMIFS(ledger!$E$2:$E$548,ledger!$C$2:$C$548,A7,ledger!$G$2:$G$548,"captured") -> 6637 | D7: =COUNTIFS(ledger!$C$2:$C$548,A7,ledger!$G$2:$G$548,"captured") -> 13 | E7: =SUMIFS(ledger!$E$2:$E$548,ledger!$C$2:$C$548,A7,ledger!$G$2:$G$548,"failed") -> 0 | F7: =COUNTIFS(ledger!$C$2:$C$548,A7,ledger!$G$2:$G$548,"failed") -> 0 | G7: =SUMIFS(ledger!$E$2:$E$548,ledger!$C$2:$C$548,A7,ledger!$G$2:$G$548,"chargeback") -> 799 | H7: =COUNTIFS(ledger!$C$2:$C$548,A7,ledger!$G$2:$G$548,"chargeback") -> 1 | I7: =C7+G7+E7 -> 7436 | J7: =D7+F7+H7 -> 14 | K7: =COUNTIF(ledger!$C$2:$C$548,A7) -> 14 | L7: =SUMIFS(ledger!$J$2:$J$548,ledger!$C$2:$C$548,A7) -> 12 | M7: =IF(L7=0,0,K7/L7) -> 1.1666667
A8: =merchants!A8 -> 7 | B8: =VLOOKUP(A8,merchants!$A$2:$D$41,2,FALSE()) -> Merchant_007 | C8: =SUMIFS(ledger!$E$2:$E$548,ledger!$C$2:$C$548,A8,ledger!$G$2:$G$548,"captured") -> 11638 | D8: =COUNTIFS(ledger!$C$2:$C$548,A8,ledger!$G$2:$G$548,"captured") -> 12 | E8: =SUMIFS(ledger!$E$2:$E$548,ledger!$C$2:$C$548,A8,ledger!$G$2:$G$548,"failed") -> 2297 | F8: =COUNTIFS(ledger!$C$2:$C$548,A8,ledger!$G$2:$G$548,"failed") -> 3 | G8: =SUMIFS(ledger!$E$2:$E$548,ledger!$C$2:$C$548,A8,ledger!$G$2:$G$548,"chargeback") -> 1999 | H8: =COUNTIFS(ledger!$C$2:$C$548,A8,ledger!$G$2:$G$548,"chargeback") -> 1 | I8: =C8+G8+E8 -> 15934 | J8: =D8+F8+H8 -> 16 | K8: =COUNTIF(ledger!$C$2:$C$548,A8) -> 16 | L8: =SUMIFS(ledger!$J$2:$J$548,ledger!$C$2:$C$548,A8) -> 11 | M8: =IF(L8=0,0,K8/L8) -> 1.4545455
A9: =merchants!A9 -> 8 | B9: =VLOOKUP(A9,merchants!$A$2:$D$41,2,FALSE()) -> Merchant_008 | C9: =SUMIFS(ledger!$E$2:$E$548,ledger!$C$2:$C$548,A9,ledger!$G$2:$G$548,"captured") -> 7086 | D9: =COUNTIFS(ledger!$C$2:$C$548,A9,ledger!$G$2:$G$548,"captured") -> 14 | E9: =SUMIFS(ledger!$E$2:$E$548,ledger!$C$2:$C$548,A9,ledger!$G$2:$G$548,"failed") -> 299 | F9: =COUNTIFS(ledger!$C$2:$C$548,A9,ledger!$G$2:$G$548,"failed") -> 1 | G9: =SUMIFS(ledger!$E$2:$E$548,ledger!$C$2:$C$548,A9,ledger!$G$2:$G$548,"chargeback") -> 49 | H9: =COUNTIFS(ledger!$C$2:$C$548,A9,ledger!$G$2:$G$548,"chargeback") -> 1 | I9: =C9+G9+E9 -> 7434 | J9: =D9+F9+H9 -> 16 | K9: =COUNTIF(ledger!$C$2:$C$548,A9) -> 16 | L9: =SUMIFS(ledger!$J$2:$J$548,ledger!$C$2:$C$548,A9) -> 13 | M9: =IF(L9=0,0,K9/L9) -> 1.2307692
A10: =merchants!A10 -> 9 | B10: =VLOOKUP(A10,merchants!$A$2:$D$41,2,FALSE()) -> Merchant_009 | C10: =SUMIFS(ledger!$E$2:$E$548,ledger!$C$2:$C$548,A10,ledger!$G$2:$G$548,"captured") -> 4485 | D10: =COUNTIFS(ledger!$C$2:$C$548,A10,ledger!$G$2:$G$548,"captured") -> 15 | E10: =SUMIFS(ledger!$E$2:$E$548,ledger!$C$2:$C$548,A10,ledger!$G$2:$G$548,"failed") -> 497 | F10: =COUNTIFS(ledger!$C$2:$C$548,A10,ledger!$G$2:$G$548,"failed") -> 3 | G10: =SUMIFS(ledger!$E$2:$E$548,ledger!$C$2:$C$548,A10,ledger!$G$2:$G$548,"chargeback") -> 0 | H10: =COUNTIFS(ledger!$C$2:$C$548,A10,ledger!$G$2:$G$548,"chargeback") -> 0 | I10: =C10+G10+E10 -> 4982 | J10: =D10+F10+H10 -> 18 | K10: =COUNTIF(ledger!$C$2:$C$548,A10) -> 18 | L10: =SUMIFS(ledger!$J$2:$J$548,ledger!$C$2:$C$548,A10) -> 14 | M10: =IF(L10=0,0,K10/L10) -> 1.2857143
A11: =merchants!A11 -> 10 | B11: =VLOOKUP(A11,merchants!$A$2:$D$41,2,FALSE()) -> Merchant_010 | C11: =SUMIFS(ledger!$E$2:$E$548,ledger!$C$2:$C$548,A11,ledger!$G$2:$G$548,"captured") -> 7639 | D11: =COUNTIFS(ledger!$C$2:$C$548,A11,ledger!$G$2:$G$548,"captured") -> 11 | E11: =SUMIFS(ledger!$E$2:$E$548,ledger!$C$2:$C$548,A11,ledger!$G$2:$G$548,"failed") -> 399 | F11: =COUNTIFS(ledger!$C$2:$C$548,A11,ledger!$G$2:$G$548,"failed") -> 1 | G11: =SUMIFS(ledger!$E$2:$E$548,ledger!$C$2:$C$548,A11,ledger!$G$2:$G$548,"chargeback") -> 5048 | H11: =COUNTIFS(ledger!$C$2:$C$548,A11,ledger!$G$2:$G$548,"chargeback") -> 2 | I11: =C11+G11+E11 -> 13086 | J11: =D11+F11+H11 -> 14 | K11: =COUNTIF(ledger!$C$2:$C$548,A11) -> 14 | L11: =SUMIFS(ledger!$J$2:$J$548,ledger!$C$2:$C$548,A11) -> 12 | M11: =IF(L11=0,0,K11/L11) -> 1.1666667
A12: =merchants!A12 -> 11 | B12: =VLOOKUP(A12,merchants!$A$2:$D$41,2,FALSE()) -> Merchant_011 | C12: =SUMIFS(ledger!$E$2:$E$548,ledger!$C$2:$C$548,A12,ledger!$G$2:$G$548,"captured") -> 9292 | D12: =COUNTIFS(ledger!$C$2:$C$548,A12,ledger!$G$2:$G$548,"captured") -> 8 | E12: =SUMIFS(ledger!$E$2:$E$548,ledger!$C$2:$C$548,A12,ledger!$G$2:$G$548,"failed") -> 1499 | F12: =COUNTIFS(ledger!$C$2:$C$548,A12,ledger!$G$2:$G$548,"failed") -> 1 | G12: =SUMIFS(ledger!$E$2:$E$548,ledger!$C$2:$C$548,A12,ledger!$G$2:$G$548,"chargeback") -> 149 | H12: =COUNTIFS(ledger!$C$2:$C$548,A12,ledger!$G$2:$G$548,"chargeback") -> 1 | I12: =C12+G12+E12 -> 10940 | J12: =D12+F12+H12 -> 10 | K12: =COUNTIF(ledger!$C$2:$C$548,A12) -> 10 | L12: =SUMIFS(ledger!$J$2:$J$548,ledger!$C$2:$C$548,A12) -> 9 | M12: =IF(L12=0,0,K12/L12) -> 1.1111111
A13: =merchants!A13 -> 12 | B13: =VLOOKUP(A13,merchants!$A$2:$D$41,2,FALSE()) -> Merchant_012 | C13: =SUMIFS(ledger!$E$2:$E$548,ledger!$C$2:$C$548,A13,ledger!$G$2:$G$548,"captured") -> 9389 | D13: =COUNTIFS(ledger!$C$2:$C$548,A13,ledger!$G$2:$G$548,"captured") -> 11 | E13: =SUMIFS(ledger!$E$2:$E$548,ledger!$C$2:$C$548,A13,ledger!$G$2:$G$548,"failed") -> 998 | F13: =COUNTIFS(ledger!$C$2:$C$548,A13,ledger!$G$2:$G$548,"failed") -> 2 | G13: =SUMIFS(ledger!$E$2:$E$548,ledger!$C$2:$C$548,A13,ledger!$G$2:$G$548,"chargeback") -> 0 | H13: =COUNTIFS(ledger!$C$2:$C$548,A13,ledger!$G$2:$G$548,"chargeback") -> 0 | I13: =C13+G13+E13 -> 10387 | J13: =D13+F13+H13 -> 13 | K13: =COUNTIF(ledger!$C$2:$C$548,A13) -> 13 | L13: =SUMIFS(ledger!$J$2:$J$548,ledger!$C$2:$C$548,A13) -> 9 | M13: =IF(L13=0,0,K13/L13) -> 1.4444444
... A41: =merchants!A41 -> 40 | B41: =VLOOKUP(A41,merchants!$A$2:$D$41,2,FALSE()) -> Merchant_040 | C41: =SUMIFS(ledger!$E$2:$E$548,ledger!$C$2:$C$548,A41,ledger!$G$2:$G$548,"captured") -> 3039 | D41: =COUNTIFS(ledger!$C$2:$C$548,A41,ledger!$G$2:$G$548,"captured") -> 11 | E41: =SUMIFS(ledger!$E$2:$E$548,ledger!$C$2:$C$548,A41,ledger!$G$2:$G$548,"failed") -> 548 | F41: =COUNTIFS(ledger!$C$2:$C$548,A41,ledger!$G$2:$G$548,"failed") -> 2 | G41: =SUMIFS(ledger!$E$2:$E$548,ledger!$C$2:$C$548,A41,ledger!$G$2:$G$548,"chargeback") -> 5148 | H41: =COUNTIFS(ledger!$C$2:$C$548,A41,ledger!$G$2:$G$548,"chargeback") -> 2 | I41: =C41+G41+E41 -> 8735 | J41: =D41+F41+H41 -> 15 | K41: =COUNTIF(ledger!$C$2:$C$548,A41) -> 15 | L41: =SUMIFS(ledger!$J$2:$J$548,ledger!$C$2:$C$548,A41) -> 13 | M41: =IF(L41=0,0,K41/L41) -> 1.1538462
